1, 0.000018
2, 0.000018
3, 0.000018
4, 0.000018
5, 0.000019
6, 0.000019
7, 0.000019
8, 0.000019
9, 0.000020
10, 0.000020
11, 0.000020
12, 0.000021
13, 0.000021
14, 0.000021
15, 0.000021
16, 0.000022
17, 0.000022
18, 0.000022
19, 0.000023
20, 0.000023
21, 0.000023
22, 0.000023
23, 0.000024
24, 0.000024
25, 0.000024
26, 0.000025
27, 0.000025
28, 0.000026
29, 0.000026
30, 0.000026
31, 0.000027
32, 0.000027
33, 0.000027
34, 0.000028
35, 0.000028
36, 0.000029
37, 0.000029
38, 0.000029
39, 0.000030
40, 0.000030
41, 0.000031
42, 0.000031
43, 0.000032
44, 0.000032
45, 0.000033
46, 0.000033
47, 0.000034
48, 0.000034
49, 0.000035
50, 0.000035
51, 0.000036
52, 0.000036
53, 0.000037
54, 0.000037
55, 0.000038
56, 0.000038
57, 0.000039
58, 0.000040
59, 0.000040
60, 0.000041
61, 0.000042
62, 0.000042
63, 0.000043
64, 0.000044
65, 0.000044
66, 0.000045
67, 0.000046
68, 0.000046
69, 0.000047
70, 0.000048
71, 0.000049
72, 0.000050
73, 0.000050
74, 0.000051
75, 0.000052
76, 0.000053
77, 0.000054
78, 0.000055
79, 0.000056
80, 0.000057
81, 0.000058
82, 0.000059
83, 0.000060
84, 0.000061
85, 0.000062
86, 0.000063
87, 0.000064
88, 0.000065
89, 0.000066
90, 0.000068
91, 0.000069
92, 0.000070
93, 0.000071
94, 0.000073
95, 0.000074
96, 0.000075
97, 0.000077
98, 0.000078
99, 0.000080
100, 0.000081
101, 0.000082
102, 0.000084
103, 0.000086
104, 0.000087
105, 0.000089
106, 0.000091
107, 0.000092
108, 0.000094
109, 0.000096
110, 0.000098
111, 0.000100
112, 0.000102
113, 0.000104
114, 0.000106
115, 0.000108
116, 0.000110
117, 0.000112
118, 0.000115
119, 0.000117
120, 0.000119
121, 0.000122
122, 0.000125
123, 0.000127
124, 0.000130
125, 0.000133
126, 0.000136
127, 0.000138
128, 0.000141
129, 0.000145
130, 0.000148
131, 0.000151
132, 0.000154
133, 0.000157
134, 0.000161
135, 0.000165
136, 0.000168
137, 0.000172
138, 0.000176
139, 0.000180
140, 0.000184
141, 0.000188
142, 0.000193
143, 0.000197
144, 0.000202
145, 0.000206
146, 0.000211
147, 0.000216
148, 0.000222
149, 0.000227
150, 0.000232
151, 0.000238
152, 0.000244
153, 0.000250
154, 0.000257
155, 0.000263
156, 0.000270
157, 0.000277
158, 0.000284
159, 0.000292
160, 0.000299
161, 0.000307
162, 0.000316
163, 0.000324
164, 0.000333
165, 0.000342
166, 0.000351
167, 0.000361
168, 0.000371
169, 0.000382
170, 0.000392
171, 0.000403
172, 0.000415
173, 0.000427
174, 0.000438
175, 0.000451
176, 0.000463
177, 0.000477
178, 0.000492
179, 0.000505
180, 0.000521
181, 0.000536
182, 0.000552
183, 0.000569
184, 0.000586
185, 0.000604
186, 0.000623
187, 0.000643
188, 0.000663
189, 0.000684
190, 0.000707
191, 0.000729
192, 0.000754
193, 0.000778
194, 0.000804
195, 0.000831
196, 0.000859
197, 0.000888
198, 0.000919
199, 0.000952
200, 0.000985
201, 0.001021
202, 0.001057
203, 0.001096
204, 0.001137
205, 0.001178
206, 0.001222
207, 0.001268
208, 0.001316
209, 0.001365
210, 0.001418
211, 0.001473
212, 0.001532
213, 0.001594
214, 0.001657
215, 0.001725
216, 0.001795
217, 0.001871
218, 0.001948
219, 0.002030
220, 0.002118
221, 0.002212
222, 0.002305
223, 0.002409
224, 0.002519
225, 0.002633
226, 0.002754
227, 0.002880
228, 0.003019
229, 0.003165
230, 0.003321
231, 0.003486
232, 0.003656
233, 0.003842
234, 0.004041
235, 0.004253
236, 0.004475
237, 0.004718
238, 0.004974
239, 0.005248
240, 0.005543
241, 0.005841
242, 0.006180
243, 0.006544
244, 0.006909
245, 0.007332
246, 0.007786
247, 0.008235
248, 0.008758
249, 0.009309
250, 0.009919
251, 0.010584
252, 0.011310
253, 0.012104
254, 0.012951
255, 0.013870
256, 0.014866
257, 0.015980
258, 0.017218
259, 0.018564
260, 0.020018
261, 0.021683
262, 0.023540
263, 0.025568
264, 0.027891
265, 0.030449
266, 0.033345
267, 0.036642
268, 0.040395
269, 0.044704
270, 0.049675
271, 0.055260
272, 0.061547
273, 0.069354
274, 0.078484
275, 0.089628
276, 0.102974
277, 0.117911
278, 0.138763
279, 0.164324
280, 0.199194
281, 0.247522
282, 0.317787
283, 0.430438
284, 0.638672
285, 1.135031
286, 3.873728
287, 1778.842407
288, 1778.842407
289, 3484.237793
290, 5875.191895
291, 5875.191895
292, 5875.191895
293, 5875.191895
294, 5875.191895
295, 5875.191895
296, 5875.191895
297, 5875.191895
298, 5875.191895
299, 5875.191895
300, 5875.191895
301, 5875.191895
302, 5875.191895
303, 5875.191895
304, 5875.191895
305, 5875.191895
306, 5875.191895
307, 5875.191895
308, 5875.191895
309, 5875.191895
310, 5875.191895
311, 5875.191895
312, 7212.718262
313, 7283.572754
314, 7283.572754
315, 7283.572754
316, 7283.572754
317, 7283.572754
318, 7283.572754
319, 7283.572754
320, 7283.572754
321, 7283.572754
322, 7283.572754
323, 7283.572754
324, 7283.572754
325, 7283.572754
326, 7283.572754
327, 7283.572754
328, 7283.572754
329, 7283.572754
330, 56158.046875
